Workbook

Sheet Контакты
A1: 1 | F1: 1
A2: № | B2: Название ИНН Город | C2: Контактные данные тел/почта | D2: Сайт компании | E2: ФИО Контакты ЛПР | F2: Источник захода | G2: Примечания | H2: Дата добавления в базу | I2: Статус (заполняеться автомат.)
A3: 1
A4: =A3+1 -> 2
A5: =A4+1 -> 3
A6: =A5+1 -> 4
A7: =A6+1 -> 5
A8: =A7+1 -> 6
A9: =A8+1 -> 7
A10: =A9+1 -> 8
A11: =A10+1 -> 9
A12: =A11+1 -> 10
A13: =A12+1 -> 11
A14: =A13+1 -> 12
A15: =A14+1 -> 13
... A553: =A552+1 -> 551

Sheet Работа
A1: ID | B1: Название ИНН Город | C1: Контактные данные тел/почта | D1: Сайт компании | E1: ФИО Контакты ЛПР | F1: Коментарии | G1: Дата звонка | H1: Статус | I1: Редактировать данные
A2: ='Контакты'!A3 -> 1 | B2: ='Контакты'!B3 -> 0 | C2: ='Контакты'!C3 -> 0 | D2: ='Контакты'!D3 -> 0 | E2: ='Контакты'!E3 -> 0 | I2: =HYPERLINK("Контакты!A"&A2,"Редактировать") -> Редактировать
A3: ='Контакты'!A4 -> 2 | B3: ='Контакты'!B4 -> 0 | C3: ='Контакты'!C4 -> 0
A4: ='Контакты'!A5 -> 3 | B4: ='Контакты'!B5 -> 0 | C4: ='Контакты'!C5 -> 0
A5: ='Контакты'!A6 -> 4 | B5: ='Контакты'!B6 -> 0 | C5: ='Контакты'!C6 -> 0
A6: ='Контакты'!A7 -> 5 | B6: ='Контакты'!B7 -> 0 | C6: ='Контакты'!C7 -> 0
A7: ='Контакты'!A8 -> 6 | B7: ='Контакты'!B8 -> 0 | C7: ='Контакты'!C8 -> 0
A8: ='Контакты'!A9 -> 7 | B8: ='Контакты'!B9 -> 0 | C8: ='Контакты'!C9 -> 0
A9: ='Контакты'!A10 -> 8 | B9: ='Контакты'!B10 -> 0 | C9: ='Контакты'!C10 -> 0
A10: ='Контакты'!A11 -> 9 | B10: ='Контакты'!B11 -> 0 | C10: ='Контакты'!C11 -> 0
A11: ='Контакты'!A12 -> 10 | B11: ='Контакты'!B12 -> 0 | C11: ='Контакты'!C12 -> 0
A12: 11 | B12: ='Контакты'!B13 -> 0 | C12: ='Контакты'!C13 -> 0
A13: 12 | B13: ='Контакты'!B14 -> 0 | C13: ='Контакты'!C14 -> 0
A14: 13 | B14: ='Контакты'!B15 -> 0 | C14: ='Контакты'!C15 -> 0
A15: 14 | B15: ='Контакты'!B16 -> 0 | C15: ='Контакты'!C16 -> 0
A16: 15 | B16: ='Контакты'!B17 -> 0 | C16: ='Контакты'!C17 -> 0
A17: 16 | B17: ='Контакты'!B18 -> 0 | C17: ='Контакты'!C18 -> 0
A18: 17 | B18: ='Контакты'!B19 -> 0 | C18: ='Контакты'!C19 -> 0
A19: 18 | B19: ='Контакты'!B20 -> 0 | C19: ='Контакты'!C20 -> 0
A20: 19 | B20: ='Контакты'!B21 -> 0 | C20: ='Контакты'!C21 -> 0
A21: 20 | B21: ='Контакты'!B22 -> 0 | C21: ='Контакты'!C22 -> 0
A22: 21 | B22: ='Контакты'!B23 -> 0
A23: 22 | B23: ='Контакты'!B24 -> 0
A24: 23 | B24: ='Контакты'!B25 -> 0
A25: 24 | B25: ='Контакты'!B26 -> 0
A26: 25 | B26: ='Контакты'!B27 -> 0
A27: 26 | B27: ='Контакты'!B28 -> 0
A28: 27 | B28: ='Контакты'!B29 -> 0
A29: 28 | B29: ='Контакты'!B30 -> 0
A30: 29 | B30: ='Контакты'!B31 -> 0
A31: 30 | B31: ='Контакты'!B32 -> 0
A32: 31 | B32: ='Контакты'!B33 -> 0
A33: 32 | B33: ='Контакты'!B34 -> 0
... A501: 500 | B501: ='Контакты'!B502 -> 0
B502: ='Контакты'!B503 -> 0
B503: ='Контакты'!B504 -> 0
B504: ='Контакты'!B505 -> 0
B505: ='Контакты'!B506 -> 0
